EnvironmentSatisfaction,Attrition,Gender,JobInvolvement,JobLevel,JobSatisfaction,MaritalStatus,OverTime,PerformanceRating,RelationshipSatisfaction,WorkLifeBalance,YearsSinceLastPromotion,EmployeeNumber
4,No,Male,3,4,4,Divorced,No,4,3,2,1,997
2,No,Male,3,2,2,Divorced,No,4,4,3,0,178
2,Yes,Male,3,1,2,Single,No,3,2,3,1,1780
1,No,Male,3,5,2,Married,No,3,3,3,10,644
2,No,Male,3,3,2,Single,No,3,4,3,4,1118
2,Yes,Male,3,3,3,Married,Yes,3,4,4,7,582
3,No,Female,2,3,2,Divorced,Yes,3,3,3,14,1827
4,No,Male,2,2,4,Married,No,4,1,1,2,872
3,Yes,Male,3,1,3,Single,No,3,4,2,2,828
3,No,Female,3,2,4,Divorced,Yes,4,3,3,1,1681
4,No,Male,1,2,4,Single,No,4,2,3,0,1371
1,No,Male,3,1,4,Married,No,3,3,2,0,2012
4,No,Male,3,3,2,Married,No,3,2,3,1,1096
1,Yes,Male,2,1,2,Single,Yes,4,2,3,2,1108
1,Yes,Male,2,3,3,Married,No,3,3,1,11,970
4,No,Female,1,2,4,Single,No,3,1,3,2,1779
4,No,Female,2,5,2,Married,No,3,3,3,0,1280
3,No,Male,3,2,2,Married,No,3,4,3,7,1582
1,No,Female,2,2,4,Married,No,3,1,3,6,1311
3,No,Male,3,1,4,Married,No,3,3,1,0,847
4,No,Female,3,2,2,Divorced,No,3,3,3,7,1658
4,No,Male,1,2,4,Divorced,No,4,1,2,11,2036
3,No,Female,3,3,4,Single,Yes,3,3,3,1,2040
4,No,Male,3,3,3,Married,Yes,3,3,3,0,586
2,No,Male,3,5,2,Single,No,3,2,2,12,1740
1,No,Female,3,2,3,Married,No,4,1,2,0,128
3,No,Male,3,4,3,Divorced,No,3,3,4,15,981
4,No,Male,3,2,2,Divorced,No,3,3,2,1,1671
3,Yes,Male,2,1,1,Single,No,3,3,2,0,1504
4,No,Male,3,2,3,Married,Yes,3,2,3,1,1501
3,No,Female,1,2,4,Single,No,4,3,3,0,548
3,Yes,Female,2,1,3,Married,Yes,3,1,3,1,848
3,Yes,Male,4,1,1,Married,Yes,4,3,3,0,811
2,No,Male,2,2,3,Married,No,3,3,3,0,211
4,No,Female,2,2,4,Married,Yes,3,4,3,0,827
3,No,Female,2,1,1,Single,No,3,4,2,1,856
2,No,Male,3,2,3,Married,No,3,3,3,6,600
4,Yes,Male,3,1,3,Single,Yes,3,4,3,1,701
3,No,Male,2,2,1,Married,No,3,3,3,0,1387
2,No,Female,1,1,4,Married,Yes,3,1,2,1,1202
1,No,Male,2,4,2,Divorced,No,3,3,3,3,520
3,No,Female,2,2,4,Married,Yes,3,4,1,0,1180
2,No,Female,3,1,4,Married,No,3,1,3,0,1192
1,No,Female,4,4,1,Divorced,No,3,4,3,2,1863
3,Yes,Male,3,1,2,Divorced,Yes,3,3,2,2,1792
1,No,Female,3,4,3,Married,No,3,2,4,5,1443
1,No,Male,3,2,4,Married,No,3,4,3,4,772
3,No,Female,3,1,1,Single,No,3,4,2,0,662
3,No,Male,3,4,2,Divorced,Yes,3,2,3,0,1352
4,No,Male,1,2,3,Divorced,Yes,3,4,3,1,422
1,No,Female,3,2,3,Single,No,3,4,3,0,620
2,No,Male,3,3,4,Married,Yes,3,4,4,1,1465
3,No,Male,3,4,4,Married,No,3,3,2,1,762
4,No,Female,3,2,2,Single,No,3,1,2,0,1062
3,No,Male,1,2,4,Divorced,No,3,3,2,1,1700
1,No,Male,4,3,3,Single,No,3,4,3,0,985
3,No,Male,2,3,2,Divorced,No,3,2,4,6,1182
3,No,Female,2,3,3,Married,No,3,2,3,7,1070
4,No,Female,3,1,3,Single,No,3,2,3,7,1046
1,No,Female,3,3,3,Married,No,4,2,1,0,473
3,No,Female,4,2,2,Married,Yes,3,1,3,1,998
2,Yes,Male,1,2,3,Married,Yes,3,2,2,7,163
2,No,Female,3,3,1,Divorced,No,4,3,3,15,244
4,No,Male,3,2,4,Divorced,No,3,2,3,1,393
4,No,Male,3,2,2,Married,No,3,1,3,5,1995
4,No,Male,3,2,4,Married,Yes,3,1,3,8,1706
2,No,Male,3,1,4,Married,Yes,3,3,2,1,403
4,Yes,Female,3,2,3,Married,Yes,3,1,2,0,445
2,No,Male,2,1,4,Divorced,No,3,4,3,0,869
3,No,Male,3,2,3,Married,Yes,3,4,4,0,2049
3,No,Male,2,2,4,Married,No,3,1,3,10,117
3,No,Female,2,4,2,Divorced,Yes,3,4,3,15,1307
1,No,Female,2,5,3,Married,No,3,4,3,6,1866
4,No,Female,2,2,1,Single,No,3,1,1,0,764
3,No,Female,2,2,3,Single,No,3,1,3,0,936
1,No,Female,4,1,3,Divorced,No,3,2,2,2,1916
4,Yes,Male,3,1,1,Married,Yes,4,4,1,2,932
4,No,Female,2,4,4,Divorced,No,3,2,2,1,1264
3,No,Female,3,5,1,Single,Yes,3,4,3,1,396
1,No,Male,2,1,1,Single,No,3,1,2,0,1961
2,No,Male,3,2,3,Single,No,3,2,3,0,2008
1,No,Female,3,4,4,Single,No,3,2,3,0,468
4,Yes,Female,3,1,3,Single,No,3,1,1,7,1537
4,No,Male,3,3,3,Divorced,No,3,3,2,1,1951
3,No,Male,3,2,4,Married,Yes,3,1,2,4,924
3,No,Male,3,2,4,Married,No,3,2,3,1,800
3,No,Male,1,3,1,Divorced,No,3,3,3,0,615
4,No,Male,2,3,3,Married,Yes,3,4,3,8,1535
1,No,Male,3,3,4,Divorced,No,3,1,3,9,1453
4,No,Male,3,1,4,Married,No,4,1,3,1,1999
4,No,Male,1,2,1,Married,No,4,2,3,8,1956
2,No,Male,3,2,3,Single,No,3,3,3,0,1922
2,No,Male,2,2,4,Single,No,3,3,2,0,446
3,No,Female,3,1,2,Single,Yes,3,2,2,1,434
3,No,Male,4,2,4,Married,No,3,3,3,0,2061
2,No,Male,4,1,2,Married,No,3,4,3,2,1698
1,No,Male,3,1,3,Divorced,No,3,4,2,4,16
3,Yes,Female,1,1,1,Single,No,4,1,4,0,235
2,No,Male,4,1,2,Married,No,4,3,1,0,359
1,No,Male,3,2,4,Single,No,4,1,3,0,1133
3,No,Male,3,2,2,Divorced,No,3,3,2,4,1794
4,No,Male,3,1,2,Married,No,4,2,3,0,1056
1,No,Male,2,2,3,Married,No,3,4,3,2,183
3,No,Female,3,1,4,Divorced,No,4,1,3,1,1120
3,No,Male,3,2,4,Married,Yes,3,4,1,4,184
3,No,Male,3,3,3,Single,No,4,3,3,2,1800
3,Yes,Female,3,1,1,Married,Yes,3,3,3,0,1783
3,No,Male,1,2,3,Married,No,3,4,3,1,308
4,No,Female,3,4,4,Married,No,3,2,4,1,1045
1,No,Female,3,2,3,Divorced,No,3,2,3,0,547
3,No,Female,2,3,3,Married,No,4,1,3,8,442
4,No,Male,1,2,2,Divorced,No,3,4,3,1,408
4,No,Male,2,2,1,Single,No,4,3,3,4,1184
4,No,Male,3,4,3,Single,No,3,4,3,6,992
3,No,Female,3,2,4,Married,Yes,3,4,3,0,1962
2,No,Female,3,2,2,Married,No,3,3,3,5,1986
4,No,Male,4,3,3,Divorced,Yes,3,4,3,0,1268
2,No,Female,3,2,3,Married,No,4,1,2,1,1163
2,No,Male,3,1,4,Married,No,3,4,2,8,683
2,No,Female,4,3,1,Married,Yes,3,3,2,1,1015
4,No,Female,3,1,3,Married,Yes,3,3,3,3,5
4,No,Male,3,2,1,Married,Yes,3,3,3,0,1002
1,No,Male,3,3,2,Divorced,No,3,4,3,7,626
4,No,Male,3,2,4,Divorced,No,3,4,3,1,438
4,No,Male,3,1,4,Single,No,3,3,2,3,8
4,No,Male,3,1,1,Single,No,3,2,2,1,1301
1,No,Male,2,1,4,Single,No,3,4,3,1,1407
1,Yes,Female,3,1,3,Married,Yes,3,2,3,0,1004
3,No,Female,4,2,1,Married,No,3,1,3,1,52
3,No,Female,3,3,3,Single,Yes,3,4,4,0,743
3,No,Male,3,2,1,Divorced,No,3,1,2,0,334
1,Yes,Male,1,3,4,Single,No,3,4,3,0,179
1,No,Male,2,2,1,Divorced,No,3,3,2,1,837
2,No,Female,2,2,3,Married,No,4,4,3,5,1864
4,No,Female,3,4,4,Single,No,3,3,3,3,901
4,No,Male,3,2,3,Married,No,3,3,2,2,1479
2,Yes,Male,3,1,4,Single,No,3,3,2,0,1876
4,No,Male,1,1,3,Married,No,4,3,3,0,806
4,No,Female,3,5,1,Married,Yes,4,3,3,1,1423
2,No,Male,4,2,4,Divorced,No,3,4,2,0,1047
3,No,Male,4,1,4,Married,No,3,1,3,7,1918
3,No,Female,3,2,4,Married,No,3,3,2,0,500
3,No,Male,3,4,1,Married,Yes,3,4,3,11,429
2,No,Male,3,3,4,Single,No,3,4,2,9,592
3,No,Female,2,2,2,Married,Yes,3,4,3,11,436
1,No,Female,3,1,3,Married,No,3,2,3,0,1071
1,No,Male,2,4,4,Divorced,No,3,3,2,0,568
4,No,Female,2,1,4,Single,Yes,4,4,2,2,763
4,Yes,Male,3,1,1,Married,No,3,1,2,1,2023
2,No,Male,4,3,4,Married,No,3,3,3,1,1689
4,No,Female,2,1,2,Single,No,4,2,3,3,1675
3,No,Male,3,1,2,Married,No,3,2,3,0,829
2,No,Female,3,3,4,Married,No,3,4,3,4,312
2,No,Female,1,3,3,Married,No,3,1,3,1,2015
1,No,Male,3,3,3,Single,No,4,2,3,12,1993
4,Yes,Male,3,2,3,Married,No,3,1,3,1,1309
2,No,Male,4,2,1,Married,No,3,4,3,1,1621
2,No,Male,2,2,2,Single,No,3,3,3,0,85
1,Yes,Male,2,2,1,Single,No,4,1,3,1,1420
3,No,Female,2,1,1,Single,No,3,3,3,1,804
1,No,Male,3,2,3,Single,No,3,1,3,1,1322
3,No,Male,2,3,3,Single,No,4,3,3,5,292
2,No,Male,3,3,2,Married,No,3,2,3,3,1391
3,No,Male,3,1,3,Married,Yes,3,4,3,2,1291
1,No,Male,3,2,1,Single,No,3,4,3,2,732
2,Yes,Male,3,2,3,Divorced,No,3,4,3,0,2044
4,No,Male,1,3,4,Single,No,3,1,2,0,112
4,No,Male,3,3,4,Divorced,No,3,3,2,4,1857
2,No,Male,3,1,2,Divorced,No,4,2,2,0,1768
3,No,Male,1,3,4,Divorced,No,4,3,4,0,1697
3,No,Male,3,2,1,Married,Yes,3,4,3,0,879
3,No,Male,3,1,4,Divorced,No,3,2,3,2,1858
3,Yes,Female,2,3,4,Married,No,3,2,3,1,1572
1,No,Male,3,2,1,Married,No,4,4,3,7,1936
4,No,Male,2,5,2,Married,No,3,4,3,12,1867
3,No,Male,3,2,4,Married,No,3,2,4,0,378
4,No,Female,3,2,4,Divorced,Yes,3,1,2,3,1392
1,No,Male,3,1,4,Single,No,4,3,2,2,484
2,No,Male,3,2,4,Divorced,No,3,3,2,0,859
4,Yes,Male,2,1,3,Single,Yes,3,2,3,0,4
3,No,Female,4,1,1,Married,Yes,4,1,2,0,10
1,No,Male,3,3,1,Divorced,No,3,1,3,9,425
4,Yes,Female,3,1,2,Divorced,Yes,3,1,2,7,881
3,No,Male,3,1,2,Married,No,3,3,2,0,1257
3,No,Male,2,2,2,Divorced,No,3,3,3,0,2037
4,No,Female,3,3,4,Single,Yes,3,3,3,0,298
2,No,Female,4,2,2,Married,Yes,3,4,3,0,1292
3,No,Male,3,2,2,Married,No,3,4,3,4,35
4,No,Female,3,1,2,Married,No,3,3,3,0,1495
1,Yes,Female,3,2,1,Single,Yes,3,1,3,0,1157
4,No,Female,3,2,4,Married,No,3,2,2,2,902
3,No,Male,2,2,1,Married,No,3,1,4,0,885
3,No,Male,3,1,3,Married,No,3,2,2,0,1006
4,No,Male,3,2,3,Single,Yes,3,1,3,0,1515
1,No,Female,2,3,4,Married,Yes,3,4,3,0,862
3,No,Female,3,3,1,Married,No,3,3,3,0,1126
4,No,Female,2,1,1,Divorced,Yes,3,3,3,7,351
3,No,Female,3,5,3,Divorced,No,3,4,2,4,32
2,Yes,Male,1,1,1,Married,Yes,3,4,2,0,454
2,No,Female,3,2,3,Married,No,3,1,2,1,793
2,No,Male,3,1,2,Married,No,4,1,3,0,61
1,No,Female,3,5,2,Married,Yes,3,1,2,0,141
4,No,Male,3,2,3,Married,No,3,1,2,0,469
1,No,Female,3,3,4,Single,Yes,3,3,3,8,73
3,No,Male,2,4,1,Single,No,3,2,4,6,1074
2,No,Male,2,3,2,Married,No,3,4,1,4,296
1,No,Male,1,1,3,Divorced,No,4,3,2,0,159
1,No,Male,2,5,3,Married,No,3,3,4,0,1256
3,No,Male,4,2,3,Divorced,Yes,3,3,4,2,987
3,No,Male,3,1,2,Single,No,3,2,3,1,95
2,No,Female,3,1,3,Single,No,3,3,3,2,1856
1,No,Male,3,1,3,Divorced,No,3,4,3,2,1308
2,Yes,Female,3,5,3,Married,No,3,4,3,15,58
4,No,Female,2,1,1,Single,No,3,2,1,0,2054
4,No,Male,4,1,3,Married,Yes,3,3,3,3,716
3,No,Female,2,1,2,Single,No,3,3,3,4,2010
2,No,Female,3,5,4,Divorced,Yes,3,4,2,1,1608
3,No,Male,4,1,3,Married,No,3,4,4,5,1152
1,Yes,Male,3,1,1,Married,Yes,3,2,3,1,1053
4,No,Male,2,3,1,Married,Yes,4,3,3,1,729
2,No,Female,2,1,3,Single,No,3,4,3,0,834
1,No,Female,3,3,3,Married,No,3,4,2,1,624
2,Yes,Male,2,3,1,Single,No,3,1,2,1,1082
4,No,Male,4,1,4,Married,Yes,3,1,3,1,1755
3,No,Male,3,2,2,Married,Yes,3,4,3,6,1034
2,No,Female,4,1,4,Single,Yes,3,4,3,0,1269
1,No,Male,3,2,4,Married,Yes,4,2,3,7,78
3,No,Male,3,2,3,Divorced,No,3,3,4,0,1449
3,No,Female,2,2,2,Divorced,Yes,3,2,2,2,121
2,Yes,Female,3,2,3,Married,Yes,3,1,4,0,926
4,No,Male,3,1,3,Married,No,3,1,2,0,945
1,No,Male,2,4,4,Married,No,4,4,3,11,264
3,No,Male,3,4,3,Married,Yes,3,4,2,1,386
1,No,Male,2,3,4,Married,No,3,1,3,1,481
2,No,Male,1,1,4,Divorced,No,3,4,3,2,710
4,No,Female,2,2,1,Divorced,Yes,4,1,3,1,1080
4,No,Female,3,2,3,Single,No,3,2,3,2,1025
2,Yes,Female,3,1,2,Single,Yes,4,4,2,0,248
4,No,Female,4,4,3,Married,Yes,3,2,2,0,1401
1,No,Female,2,3,1,Single,No,4,3,2,12,145
1,Yes,Male,1,1,3,Single,No,3,3,2,0,55
3,No,Male,3,1,4,Single,Yes,4,4,2,1,1556
2,Yes,Male,3,2,1,Married,Yes,3,2,3,0,282
4,No,Male,3,2,1,Single,No,3,4,3,0,1613
2,No,Female,3,2,1,Divorced,Yes,4,3,2,1,68
3,No,Male,3,2,4,Divorced,No,4,4,2,7,747
4,Yes,Female,3,1,2,Single,Yes,3,1,4,2,1331
4,Yes,Female,3,1,3,Single,Yes,3,4,3,7,1405
1,No,Male,2,1,2,Married,No,3,1,1,0,1136
3,No,Male,2,1,3,Married,No,3,4,2,0,249
4,No,Female,2,2,3,Married,No,3,3,4,5,182
3,No,Female,3,2,3,Single,Yes,3,3,3,1,1298
4,No,Male,2,2,4,Married,Yes,3,3,2,3,104
3,No,Female,2,5,4,Married,No,4,4,3,2,140
1,No,Female,4,3,1,Married,No,3,1,3,0,742
4,Yes,Female,2,1,1,Single,Yes,4,3,3,0,994
2,Yes,Male,2,1,1,Married,No,3,3,4,0,648
3,No,Female,3,5,2,Single,No,3,2,3,4,226
3,No,Female,2,1,1,Married,No,3,1,2,0,340
1,No,Female,2,3,2,Married,No,3,3,3,0,421
4,No,Male,3,2,4,Single,No,3,4,3,1,599
4,No,Female,2,1,1,Divorced,No,3,3,3,0,1762
4,No,Male,3,2,4,Married,No,3,1,3,9,452
2,No,Male,3,2,3,Married,No,3,2,4,0,129
1,No,Male,3,2,1,Married,No,3,1,2,0,1954
4,No,Male,3,4,1,Married,No,3,4,3,13,1109
4,No,Male,2,5,4,Single,No,3,3,4,0,1263
4,Yes,Female,2,1,4,Single,Yes,3,2,3,1,137
3,No,Male,3,3,2,Divorced,No,4,4,4,0,581
3,No,Male,1,2,2,Married,No,3,2,3,1,1722
1,Yes,Male,2,1,1,Divorced,Yes,3,4,3,2,1844
2,No,Male,3,2,1,Single,No,3,4,4,1,1171
2,No,Female,2,2,4,Married,No,3,1,2,0,2045
2,No,Male,4,2,1,Single,No,3,3,3,0,412
1,Yes,Male,1,2,2,Single,No,3,2,3,0,1734
1,No,Male,3,2,3,Married,No,3,2,2,0,1682
2,No,Female,3,1,1,Divorced,No,3,2,3,1,517
4,No,Female,3,4,4,Married,Yes,4,3,3,1,327
3,No,Female,3,2,4,Single,No,3,3,2,6,1710
2,No,Male,4,2,1,Divorced,No,3,4,3,1,369
2,No,Female,3,2,2,Married,No,3,3,3,0,419
2,No,Female,3,3,4,Married,No,3,3,3,2,154
4,No,Male,3,2,4,Married,No,3,4,4,2,1668
3,No,Male,2,1,1,Single,Yes,3,2,3,0,939
1,No,Male,4,2,3,Married,No,3,4,3,0,341
1,No,Female,4,2,3,Single,No,3,2,2,0,1898
1,Yes,Female,2,2,2,Single,Yes,4,3,4,10,1489
3,No,Male,3,1,2,Married,No,4,4,3,0,94
2,No,Male,3,2,3,Single,No,3,1,3,5,125
1,No,Male,3,4,3,Married,No,3,4,3,4,1124
4,Yes,Male,3,2,4,Married,No,3,3,4,0,42
4,No,Male,3,4,1,Married,No,3,3,4,14,1523
2,No,Female,3,4,3,Single,No,3,3,3,5,601
1,No,Female,3,4,2,Single,No,4,4,3,7,597
1,No,Male,3,5,3,Divorced,No,3,2,4,0,999
1,Yes,Female,1,2,3,Single,No,3,2,2,1,1188
2,No,Female,3,2,2,Single,No,3,2,4,1,1583
2,Yes,Female,1,1,2,Single,No,3,3,3,2,1752
3,No,Male,4,1,1,Single,No,3,4,3,0,1417
4,No,Male,3,3,1,Married,Yes,3,2,4,0,101
1,No,Male,3,2,2,Married,No,3,3,3,1,110
4,No,Male,4,1,3,Divorced,No,3,4,3,0,1382
1,No,Male,3,3,4,Married,No,3,4,3,1,106
2,Yes,Male,3,1,2,Single,Yes,3,4,3,0,614
1,No,Female,2,3,3,Married,No,3,4,3,14,1628
4,No,Female,3,2,4,Married,Yes,4,4,1,0,942
3,No,Female,1,2,4,Married,No,3,1,3,7,1315
4,No,Male,3,1,1,Single,No,3,1,3,0,1680
1,Yes,Male,1,1,4,Divorced,No,3,1,3,1,584
4,No,Male,3,1,4,Married,Yes,3,2,3,0,895
1,No,Male,3,3,4,Married,No,4,4,3,11,1092
4,No,Female,3,4,1,Married,No,4,3,3,2,1215
4,No,Male,3,1,4,Single,No,3,3,2,1,1648
3,No,Male,3,2,1,Divorced,No,3,4,3,1,536
4,No,Male,3,3,1,Married,Yes,3,4,3,5,1790
4,No,Male,4,4,2,Single,No,3,2,2,8,1472
2,No,Male,4,2,1,Married,No,3,3,2,0,1803
3,No,Male,2,2,4,Divorced,No,3,4,4,0,139
2,No,Male,3,4,1,Married,No,4,3,3,1,843
4,No,Male,3,1,3,Married,No,4,4,3,0,1270
3,No,Female,3,1,1,Married,No,3,3,1,0,1409
1,No,Female,3,1,4,Divorced,No,3,1,3,1,1249
2,No,Female,2,5,3,Divorced,Yes,3,4,2,13,80
2,No,Male,3,2,3,Married,No,4,3,3,11,387
2,No,Male,4,2,3,Married,No,3,1,4,1,2068
1,No,Male,3,3,3,Divorced,No,3,3,2,5,307
4,No,Female,3,1,1,Divorced,No,3,4,3,2,197
4,No,Female,2,2,1,Married,No,3,3,3,0,1935
4,No,Male,3,1,2,Divorced,No,3,2,3,0,497
1,No,Female,3,1,4,Divorced,No,4,1,3,0,155
1,Yes,Male,3,3,3,Divorced,No,3,2,3,0,342
2,No,Male,2,1,3,Divorced,No,3,3,2,0,1994
3,No,Male,3,2,3,Married,No,3,2,2,7,13
3,No,Female,3,1,3,Married,No,3,1,3,0,602
1,No,Male,3,2,4,Divorced,No,3,4,3,0,990
1,No,Female,3,2,3,Married,No,3,4,3,1,350
3,No,Female,3,2,2,Married,No,3,1,3,0,823
3,No,Male,3,2,2,Single,Yes,3,4,2,0,518
4,No,Male,3,5,2,Divorced,Yes,4,1,2,11,1282
1,No,Female,3,4,2,Married,No,3,2,3,1,1655
4,No,Female,3,2,1,Divorced,No,3,1,4,0,771
3,Yes,Male,2,1,3,Married,Yes,3,4,3,0,1767
4,No,Female,3,2,2,Married,No,3,3,3,0,1114
1,No,Male,3,2,3,Divorced,No,3,1,3,0,618
4,No,Male,3,3,3,Divorced,No,3,2,3,0,1007
1,Yes,Male,3,1,4,Single,No,3,4,3,1,1907
4,No,Male,1,2,4,Divorced,No,3,4,4,0,195
3,No,Female,3,1,3,Divorced,No,4,3,3,0,680
2,Yes,Male,2,2,1,Married,No,3,4,3,6,1562
1,No,Female,3,2,4,Married,No,3,2,3,2,1027
3,No,Male,3,3,1,Married,No,3,2,4,5,1911
4,Yes,Female,2,1,1,Single,Yes,3,1,3,0,1016
4,No,Male,3,1,2,Married,No,3,4,3,2,738
2,Yes,Male,2,1,4,Single,No,4,3,2,1,243
1,No,Male,3,1,3,Married,No,3,3,3,1,1996
3,No,Female,3,1,4,Married,No,3,2,3,0,974
4,No,Male,3,1,3,Single,No,3,4,3,0,1860
2,No,Female,2,2,3,Married,Yes,3,1,3,1,1880
3,Yes,Male,3,4,1,Single,Yes,3,2,2,13,1167
3,No,Female,3,4,1,Married,No,4,1,3,15,1204
2,No,Female,2,4,4,Married,No,3,1,2,9,2056
4,No,Male,3,1,3,Divorced,No,4,2,3,0,11
1,No,Male,2,2,4,Single,No,3,3,2,1,1435
2,Yes,Female,1,1,4,Divorced,Yes,3,3,2,1,927
2,No,Female,2,1,3,Married,Yes,3,2,2,1,1605
1,Yes,Female,2,1,2,Single,Yes,3,3,3,1,478
2,No,Female,4,1,3,Married,No,3,3,3,0,1085
4,No,Male,2,1,1,Single,No,3,2,3,1,1564
4,No,Male,3,5,3,Married,No,3,2,3,1,447
2,No,Male,1,3,1,Divorced,Yes,3,2,3,0,1460
1,No,Male,3,2,4,Divorced,No,3,4,4,1,1590
4,No,Female,2,1,3,Single,No,3,4,3,0,2060
3,No,Male,3,1,4,Married,No,3,2,2,0,353
3,No,Male,2,2,4,Married,Yes,3,2,3,6,1932
3,No,Male,2,2,2,Single,No,3,3,3,0,496
4,Yes,Male,3,1,1,Single,No,3,2,1,1,1534
1,No,Female,3,3,1,Married,Yes,3,3,3,0,1242
4,No,Female,3,2,3,Single,Yes,4,2,3,2,193
1,Yes,Female,3,2,3,Single,No,3,1,3,2,720
4,No,Male,4,3,3,Married,No,3,1,3,7,1588
2,No,Male,3,1,2,Married,No,4,3,3,0,1361
1,No,Male,3,3,2,Divorced,No,3,1,3,7,1553
3,No,Female,3,1,3,Married,No,3,2,3,0,2051
2,Yes,Female,3,3,1,Divorced,Yes,3,3,3,0,590
3,No,Female,3,3,4,Single,No,3,4,3,7,727
4,No,Female,2,3,1,Divorced,No,3,3,3,1,1656
1,No,Male,3,1,4,Divorced,No,3,3,3,5,311
3,Yes,Female,3,3,4,Single,Yes,3,1,3,7,1421
3,No,Female,3,3,3,Single,No,3,1,4,0,314
1,No,Female,3,3,1,Married,No,3,4,3,2,1833
4,No,Female,2,1,3,Married,No,3,2,3,0,1782
4,No,Female,3,2,3,Single,No,3,4,3,0,293
2,No,Male,3,2,2,Divorced,Yes,4,4,3,0,103
3,No,Male,3,1,1,Married,No,4,4,3,1,200
3,No,Male,2,5,3,Single,No,3,1,4,4,1128
3,No,Male,3,2,1,Divorced,No,3,3,3,0,1211
3,No,Male,3,2,3,Divorced,No,3,1,2,8,1224
2,No,Male,3,1,2,Divorced,No,3,2,3,1,934
4,No,Female,3,2,1,Married,No,3,3,3,1,1598
4,No,Male,3,1,2,Divorced,No,3,4,3,2,766
4,No,Male,3,5,2,Married,No,3,1,3,0,1217
3,No,Male,3,3,3,Divorced,Yes,3,3,3,0,176
1,No,Female,1,2,3,Married,No,3,3,3,1,1929
4,No,Female,3,1,2,Divorced,No,3,4,2,1,1143
4,No,Female,3,4,4,Married,No,3,4,1,1,546
3,No,Male,3,1,3,Married,Yes,3,4,3,1,1394
2,No,Female,3,2,3,Married,No,3,1,2,1,690
3,No,Female,3,1,4,Divorced,Yes,3,1,3,2,1683
1,Yes,Female,3,2,1,Married,No,3,4,3,0,684
1,No,Male,4,2,3,Married,No,3,2,2,1,1399
2,No,Male,3,2,3,Single,No,3,1,3,0,467
4,No,Female,3,1,1,Divorced,No,3,3,2,12,515
2,Yes,Female,3,2,4,Single,Yes,3,1,1,0,1
4,No,Male,3,2,3,Married,No,3,3,3,1,482
3,Yes,Male,3,1,3,Single,No,3,4,3,0,1156
3,No,Female,3,2,4,Divorced,No,3,2,3,1,1955
1,No,Male,3,2,2,Married,No,4,4,4,1,641
1,Yes,Female,3,3,1,Single,Yes,4,3,2,0,1758
3,No,Female,3,1,1,Married,Yes,3,3,3,2,75
4,No,Male,3,1,4,Divorced,No,3,2,3,0,882
3,Yes,Male,3,2,4,Single,Yes,3,4,3,7,1797
1,Yes,Female,2,1,1,Single,Yes,4,2,4,0,1458
3,Yes,Female,2,3,1,Married,Yes,3,4,2,5,1360
4,No,Male,3,1,2,Single,No,3,3,2,7,238
2,No,Male,3,2,4,Single,Yes,3,3,4,0,604
3,No,Female,2,1,2,Married,No,3,3,2,4,164
3,Yes,Male,3,1,1,Single,No,3,1,3,0,1310
3,No,Female,3,3,1,Married,No,3,4,3,0,725
3,Yes,Male,3,1,3,Single,Yes,3,3,3,0,1200
4,No,Female,3,1,4,Divorced,No,3,4,3,0,996
3,No,Male,2,4,2,Married,No,4,4,2,11,119
3,No,Female,3,3,2,Married,No,3,1,1,5,2000
4,No,Female,3,1,2,Single,No,3,4,3,1,247
4,No,Male,3,2,4,Single,No,4,2,3,13,1225
1,No,Female,4,2,1,Married,No,3,4,2,6,1362
1,No,Male,1,1,3,Married,No,3,4,3,1,1094
1,Yes,Female,3,1,2,Single,Yes,3,2,3,1,554
3,No,Female,3,3,3,Single,No,4,4,3,11,343
4,Yes,Male,2,1,3,Married,Yes,3,1,2,0,90
3,No,Male,2,1,4,Married,No,3,4,3,0,1115
3,No,Female,3,3,4,Single,No,3,4,3,2,174
4,No,Male,3,4,2,Single,No,3,2,3,0,410
4,Yes,Male,3,2,3,Married,Yes,3,4,2,6,1389
3,No,Male,2,5,4,Married,No,3,1,3,13,444
2,No,Male,3,1,4,Single,Yes,3,3,3,1,2020
4,No,Male,2,2,2,Single,No,3,4,3,0,1545
3,No,Male,3,2,3,Divorced,No,3,4,3,1,677
1,No,Female,3,2,3,Divorced,Yes,4,2,2,0,2018
3,No,Female,2,2,4,Divorced,No,3,3,3,1,1161
3,No,Female,3,1,1,Married,No,4,2,3,0,486
3,Yes,Male,3,1,1,Divorced,No,3,2,3,0,667
4,No,Male,3,1,3,Divorced,Yes,3,3,2,0,1992
4,No,Female,2,2,3,Divorced,No,3,3,3,1,456
3,Yes,Female,2,1,2,Married,No,3,2,4,1,565
3,No,Male,2,1,3,Divorced,Yes,3,4,2,0,224
1,No,Female,2,3,4,Married,No,3,4,3,5,36
1,No,Male,4,1,1,Married,No,3,1,4,0,705
4,No,Male,4,1,4,Divorced,No,3,4,4,2,262
2,Yes,Female,3,1,3,Divorced,Yes,3,1,3,7,1299
4,No,Female,2,1,1,Married,No,3,4,2,7,1870
3,Yes,Female,3,3,2,Married,No,4,3,3,0,1869
3,No,Male,3,1,3,Single,No,4,1,3,1,231
2,No,Female,3,3,4,Married,No,3,3,3,7,228
1,No,Male,3,3,2,Single,Yes,3,4,3,0,904
3,No,Male,3,2,1,Divorced,No,3,3,3,6,239
4,No,Female,2,2,4,Single,No,4,1,3,0,709
4,No,Male,3,2,4,Divorced,No,3,3,3,0,1670
3,No,Female,3,2,3,Married,No,3,4,3,2,1630
3,No,Male,3,1,4,Single,Yes,4,2,2,2,1275
4,No,Male,3,2,3,Divorced,Yes,3,2,3,4,663
2,No,Male,3,2,2,Married,No,3,2,3,0,96
2,No,Male,3,1,3,Married,No,3,4,4,0,1721
4,No,Female,3,2,3,Married,No,4,2,3,1,813
4,No,Female,4,4,4,Married,Yes,3,3,3,11,1039
1,No,Female,2,1,4,Divorced,No,3,3,3,0,912
3,Yes,Female,3,1,4,Married,Yes,3,4,2,0,1175
3,Yes,Male,3,1,4,Married,Yes,3,3,1,0,325
2,Yes,Female,3,1,2,Single,No,3,1,3,1,1017
4,Yes,Female,3,1,1,Single,Yes,3,3,3,0,297
3,No,Male,3,1,4,Married,No,3,3,1,0,221
2,Yes,Female,1,2,3,Married,Yes,3,3,3,2,175
3,No,Male,3,1,1,Single,Yes,3,4,3,1,2021
2,No,Male,3,3,4,Divorced,Yes,3,3,3,0,306
4,No,Female,3,1,3,Married,No,3,4,2,0,1687
4,No,Female,3,1,2,Single,No,3,4,2,2,1303
4,No,Female,3,1,2,Married,No,3,4,3,1,252
4,No,Female,3,1,1,Divorced,No,3,4,3,0,54
3,No,Female,3,2,1,Married,No,3,3,4,6,966
4,No,Male,2,1,4,Married,No,3,3,3,2,143
2,No,Female,2,1,1,Married,Yes,3,4,4,0,51
4,Yes,Male,3,5,1,Married,Yes,3,4,3,1,787
3,No,Male,3,1,3,Married,No,4,2,2,3,1854
4,Yes,Male,3,1,2,Single,Yes,4,1,3,0,1878
4,No,Male,3,1,2,Married,No,3,3,2,1,1989
1,No,Male,2,2,4,Single,No,3,4,3,0,652
4,No,Male,3,2,1,Divorced,Yes,3,2,3,6,630
4,No,Female,3,3,3,Divorced,No,3,1,1,1,1245
2,Yes,Male,3,3,2,Single,Yes,3,3,2,7,1319
2,Yes,Male,3,1,1,Single,No,3,3,3,1,31
3,No,Male,4,5,2,Married,Yes,3,1,3,1,1973
3,No,Female,3,4,1,Married,No,3,3,3,0,1408
2,No,Male,3,1,1,Married,No,3,4,2,1,88
2,No,Female,2,2,2,Divorced,No,3,2,4,1,1239
4,No,Female,3,2,4,Single,No,4,4,2,1,1736
1,Yes,Male,3,2,2,Single,No,3,3,3,7,488
3,No,Female,3,1,4,Married,Yes,3,3,3,0,686
3,No,Female,3,1,1,Divorced,No,3,3,3,0,1190
1,No,Male,3,1,2,Divorced,No,3,4,3,3,1805
1,No,Female,3,1,2,Married,No,3,4,3,1,511
2,No,Male,1,1,1,Married,No,3,1,2,1,1019
3,No,Female,3,1,2,Married,No,3,2,3,2,1001
2,No,Female,1,2,4,Married,Yes,4,1,2,0,1835
4,No,Male,3,2,4,Divorced,No,3,2,4,1,611
1,Yes,Male,3,1,3,Single,No,3,3,1,0,364
3,No,Female,3,2,4,Single,No,4,4,3,1,98
4,No,Male,2,4,2,Divorced,Yes,3,4,3,15,1278
2,No,Male,3,1,3,Married,No,3,4,2,2,321
2,No,Female,3,2,4,Married,No,3,1,3,6,595
4,No,Male,3,1,4,Married,No,4,1,3,1,525
3,No,Male,3,3,3,Single,No,4,2,4,1,845
3,No,Male,3,1,4,Single,No,3,1,4,0,242
1,No,Female,2,4,4,Married,No,3,3,3,3,23
2,No,Male,2,2,2,Single,No,3,3,3,2,1801
4,No,Female,4,1,2,Single,No,3,4,3,0,1461
3,No,Male,2,3,4,Divorced,Yes,3,2,3,2,461
2,No,Male,4,4,4,Divorced,No,3,4,4,0,1424
2,No,Male,4,2,4,Divorced,Yes,3,2,3,1,1233
4,Yes,Male,3,5,2,Single,Yes,3,4,3,13,825
4,No,Female,3,2,4,Single,No,3,4,3,9,79
3,No,Male,3,3,4,Divorced,Yes,3,2,2,0,1732
4,No,Male,3,1,4,Married,No,4,4,2,0,377
4,Yes,Male,3,1,3,Married,No,3,4,1,9,2032
2,No,Female,3,2,3,Married,No,3,1,2,0,1220
4,No,Male,3,2,4,Divorced,Yes,3,3,3,2,1552
1,Yes,Female,2,1,2,Married,No,3,1,3,0,1944
3,No,Female,3,2,2,Divorced,No,4,1,1,1,384
2,No,Male,3,2,4,Divorced,No,3,3,3,1,1804
2,No,Female,2,2,4,Single,No,3,1,3,1,969
3,Yes,Male,2,2,3,Married,Yes,3,1,3,1,492
4,Yes,Male,1,1,1,Married,Yes,4,2,3,3,1905
1,Yes,Male,2,1,3,Married,Yes,3,3,3,0,47
1,No,Male,2,2,3,Single,No,3,4,3,2,1022
4,No,Female,3,2,4,Married,No,3,2,2,1,1830
3,Yes,Female,2,1,3,Single,No,3,4,2,0,922
1,No,Male,3,1,3,Single,No,3,3,2,1,1813
4,No,Male,1,2,3,Divorced,No,3,4,3,1,1859
1,No,Female,2,1,3,Divorced,No,4,3,3,0,1374
3,Yes,Male,4,1,3,Divorced,Yes,3,4,3,2,752
2,No,Female,4,1,3,Married,No,3,1,3,0,1647
4,Yes,Male,2,1,2,Single,Yes,3,2,4,0,959
4,No,Female,2,4,4,Married,No,3,3,3,11,1026
4,No,Female,3,1,2,Single,No,3,4,2,0,260
4,No,Male,3,3,4,Single,No,3,4,2,5,1283
3,No,Male,2,3,4,Divorced,No,4,3,2,0,613
4,No,Male,2,1,1,Married,No,3,3,3,3,1216
3,No,Female,3,2,3,Married,No,3,1,3,1,523
2,No,Male,2,1,3,Married,No,3,2,4,5,941
3,No,Female,2,3,2,Married,No,3,1,3,6,1050
1,No,Female,2,4,2,Married,No,4,3,3,0,2034
3,No,Female,3,3,3,Married,No,3,3,3,0,1013
3,No,Male,3,1,4,Married,No,3,3,1,1,562
2,No,Male,2,3,3,Single,No,4,3,3,0,499
3,No,Female,3,2,3,Divorced,No,3,3,2,0,550
2,No,Female,4,1,4,Married,No,3,2,3,0,97
1,Yes,Female,4,1,3,Single,Yes,3,1,3,0,1939
4,No,Male,2,1,1,Divorced,No,3,1,3,0,1619
1,No,Female,3,2,4,Married,Yes,3,4,2,0,679
2,No,Male,2,2,4,Married,Yes,3,3,2,1,1150
2,No,Male,4,1,1,Married,Yes,3,1,2,1,267
3,No,Male,2,1,4,Married,No,3,4,2,0,1601
1,No,Female,3,4,3,Married,No,3,3,2,4,851
3,No,Female,2,2,2,Divorced,No,3,3,3,0,151
3,No,Female,3,5,3,Married,No,3,4,3,1,558
4,No,Male,3,1,2,Married,Yes,3,2,3,1,1972
4,No,Male,3,3,4,Single,No,3,3,3,0,1363
2,No,Male,3,2,2,Married,No,3,4,2,7,836
3,No,Female,3,3,3,Married,No,4,3,4,4,1979
3,Yes,Male,2,3,4,Single,No,3,4,3,4,118
4,No,Male,2,1,4,Married,No,3,2,4,2,1185
3,Yes,Male,4,1,1,Single,No,3,4,3,0,1928
4,No,Male,2,2,3,Single,No,3,4,3,3,1976
4,No,Female,3,3,1,Single,Yes,3,3,3,2,1043
1,No,Male,3,1,3,Married,No,4,4,3,2,675
4,No,Female,2,2,3,Single,Yes,3,4,3,0,15
3,No,Female,3,2,3,Divorced,Yes,3,4,3,0,526
1,No,Male,3,2,1,Married,Yes,3,3,3,3,390
4,No,Female,3,2,4,Married,Yes,3,3,1,8,961
4,Yes,Male,3,1,2,Single,No,3,1,3,0,1692
2,No,Male,3,1,4,Divorced,No,3,4,4,0,1940
1,Yes,Male,3,1,1,Single,No,3,2,3,0,960
4,No,Female,3,5,1,Divorced,No,3,4,3,4,1191
3,No,Female,3,1,3,Married,No,3,4,3,1,216
3,No,Male,3,2,1,Married,Yes,3,4,2,0,1251
3,No,Male,2,4,4,Married,No,4,2,3,2,1644
1,No,Male,3,5,3,Divorced,No,3,4,3,3,352
2,No,Male,1,2,4,Married,Yes,4,3,2,0,453
2,No,Male,3,2,1,Married,No,3,4,1,0,1945
1,Yes,Female,3,1,3,Married,No,3,4,3,2,1467
3,No,Male,2,1,3,Married,No,3,3,3,0,704
4,No,Male,3,1,1,Divorced,No,3,3,3,1,1431
3,No,Male,3,2,1,Married,No,3,2,2,7,1066
4,Yes,Male,3,2,1,Married,No,3,3,2,0,1807
1,Yes,Male,3,2,3,Divorced,No,3,2,2,0,1052
3,No,Female,3,4,2,Married,No,3,4,4,5,1527
4,No,Female,4,2,4,Divorced,Yes,4,2,3,0,714
1,No,Female,3,3,2,Single,No,3,3,3,2,28
1,No,Male,2,2,4,Single,No,4,2,3,0,477
3,Yes,Female,2,1,4,Divorced,No,3,3,2,1,1747
4,No,Male,3,2,4,Divorced,No,3,3,2,0,460
3,No,Female,3,2,3,Single,No,3,3,3,0,578
4,No,Male,2,5,3,Divorced,Yes,3,3,3,0,638
3,Yes,Male,3,1,3,Single,No,3,4,2,1,300
3,Yes,Male,1,1,4,Single,Yes,3,4,3,1,1273
4,No,Female,2,2,2,Divorced,Yes,3,3,3,0,1937
1,No,Female,3,2,2,Single,Yes,3,4,3,0,1425
1,No,Male,3,2,4,Single,No,3,1,3,1,2014
3,No,Male,2,3,1,Married,Yes,3,3,2,9,124
4,No,Female,3,4,4,Single,No,3,4,2,12,1422
3,No,Male,3,2,2,Married,No,3,2,2,0,972
4,No,Female,2,2,4,Married,Yes,3,4,3,4,1403
2,No,Male,3,2,2,Divorced,No,3,3,1,0,206
1,No,Female,2,2,4,Married,No,3,1,3,5,1784
2,No,Male,4,2,2,Married,Yes,4,2,3,0,2064
2,Yes,Male,2,3,1,Married,No,3,4,3,3,1098
1,No,Female,3,1,4,Married,No,3,2,2,0,805
3,No,Female,3,2,4,Single,Yes,3,2,3,1,983
2,No,Male,3,1,4,Married,No,3,2,2,0,1729
4,No,Female,2,1,2,Single,No,3,4,4,0,657
4,No,Male,3,1,3,Married,Yes,3,2,1,0,773
4,Yes,Male,3,2,3,Single,Yes,3,4,3,0,1113
1,No,Male,2,1,4,Single,No,3,4,3,1,700
1,No,Male,2,1,1,Married,No,4,3,3,0,878
3,No,Male,2,1,2,Married,No,3,2,3,0,1542
1,No,Male,3,4,3,Married,Yes,3,2,3,2,1837
4,No,Male,2,3,4,Divorced,No,3,3,3,1,1099
3,No,Female,2,3,1,Single,No,3,4,3,5,153
2,No,Male,3,1,4,Divorced,No,4,1,2,1,1028
4,No,Female,2,3,2,Single,No,3,4,1,3,1529
2,No,Male,3,1,4,Married,Yes,3,1,3,0,1158
3,No,Male,3,4,4,Married,Yes,3,4,4,4,158
1,Yes,Male,3,1,4,Single,Yes,4,3,1,0,911
4,No,Female,2,3,3,Married,Yes,4,2,3,5,880
3,No,Male,2,1,2,Single,Yes,3,4,3,2,493
3,No,Male,3,4,4,Married,Yes,3,2,3,4,372
4,No,Male,3,1,2,Divorced,Yes,3,3,4,0,910
3,No,Male,4,2,4,Married,No,3,3,4,0,1304
4,No,Male,3,2,3,Single,No,3,4,2,0,1140
2,No,Male,3,2,2,Married,No,3,4,3,0,1212
2,No,Male,3,2,3,Single,No,4,3,3,8,60
4,No,Male,3,2,2,Divorced,No,3,4,2,1,1771
3,No,Male,3,2,2,Married,Yes,3,1,2,1,1396
3,No,Male,4,1,4,Single,No,3,4,3,2,1226
4,No,Female,2,3,4,Single,No,3,2,2,7,1073
1,No,Male,3,1,2,Married,No,3,4,3,2,7
1,No,Male,3,1,4,Married,No,3,2,2,0,1415
2,No,Male,2,2,2,Married,No,3,1,3,0,1787
3,No,Female,1,4,2,Married,Yes,3,2,2,7,363
4,No,Female,2,2,4,Divorced,No,3,1,3,3,1635
3,No,Male,3,3,4,Married,Yes,3,4,3,1,1882
3,Yes,Male,2,1,3,Single,No,3,3,3,1,593
3,No,Male,3,3,4,Single,No,3,3,3,2,1412
1,Yes,Male,2,1,1,Single,No,3,3,1,0,1522
2,No,Female,3,3,3,Single,No,3,3,2,2,1166
4,Yes,Male,4,1,1,Married,No,3,3,3,0,1842
3,No,Male,4,3,4,Divorced,No,3,1,2,3,417
2,No,Female,1,2,1,Divorced,No,4,2,2,0,1622
4,No,Female,3,3,2,Married,No,3,2,3,8,428
2,No,Female,3,1,2,Single,No,3,4,3,0,201
2,No,Female,4,1,4,Single,No,3,3,3,1,797
1,Yes,Male,2,3,3,Single,Yes,3,4,3,0,64
2,No,Male,3,2,1,Married,No,3,4,3,7,1618
3,No,Female,3,2,1,Married,No,3,3,3,0,1011
4,No,Male,2,1,3,Married,No,3,3,3,2,1162
1,No,Male,3,1,4,Single,No,3,3,1,0,1577
4,No,Male,3,1,4,Married,No,3,3,3,2,632
4,No,Female,2,4,2,Single,No,3,2,2,0,1367
1,No,Male,3,4,1,Divorced,No,3,4,3,14,905
4,No,Male,2,1,1,Married,No,3,3,3,3,530
2,No,Male,2,2,2,Divorced,Yes,3,3,3,0,699
4,No,Male,3,2,3,Single,Yes,3,1,3,0,437
4,No,Male,3,1,4,Single,Yes,3,3,3,1,24
1,No,Male,2,3,2,Divorced,No,3,2,2,0,954
4,No,Female,4,1,3,Divorced,No,3,4,2,1,46
1,No,Male,3,1,3,Divorced,No,3,2,3,0,1259
3,No,Male,2,1,3,Divorced,Yes,3,4,3,0,1154
4,No,Female,3,1,4,Single,Yes,3,3,2,0,1850
1,No,Male,3,1,4,Married,No,4,4,2,0,544
3,No,Female,3,2,2,Divorced,No,3,3,4,5,1285
4,No,Male,3,3,1,Divorced,No,4,3,2,1,733
2,No,Male,3,3,4,Married,Yes,3,3,1,0,1048
2,No,Male,3,3,3,Single,Yes,3,2,2,2,1496
2,No,Male,3,3,3,Divorced,No,3,1,3,2,337
4,No,Male,4,1,3,Married,No,3,4,3,2,1592
3,No,Female,2,3,3,Married,No,3,1,2,1,1088
2,No,Male,2,4,4,Divorced,Yes,3,3,2,0,661
2,No,Female,3,3,4,Single,No,3,4,3,3,207
3,No,Male,3,2,3,Single,Yes,3,2,3,1,1350
3,No,Male,3,1,1,Single,No,4,3,3,0,1193
4,No,Male,3,3,1,Divorced,Yes,3,3,3,0,864
3,No,Male,2,2,1,Single,No,3,2,3,0,956
1,No,Male,2,3,1,Single,No,3,2,3,0,789
1,No,Male,3,3,3,Married,No,3,2,3,0,1971
4,No,Male,4,1,4,Divorced,Yes,3,2,2,0,22
4,Yes,Male,3,1,3,Single,Yes,3,4,2,0,167
3,No,Female,3,2,2,Single,Yes,3,4,3,5,1294
3,Yes,Female,2,1,4,Single,No,3,3,4,0,1379
4,No,Female,3,2,2,Divorced,No,3,2,3,0,2025
3,No,Male,2,5,3,Married,No,3,1,3,11,259
2,No,Female,4,1,4,Married,No,3,4,3,0,1607
3,No,Male,3,3,3,Married,No,4,2,3,0,1397
1,No,Male,3,1,4,Divorced,No,3,2,2,0,2019
1,No,Male,3,1,3,Married,No,3,1,2,1,1720
3,No,Female,2,1,4,Single,No,3,3,3,1,838
3,No,Female,3,1,4,Married,Yes,4,3,3,0,246
4,No,Female,2,1,3,Single,No,3,1,3,0,411
3,No,Male,3,1,3,Single,No,3,3,3,1,669
4,No,Female,3,2,2,Married,Yes,4,4,3,0,1847
2,No,Male,3,1,1,Divorced,No,3,2,4,1,1725
2,No,Female,2,1,4,Married,No,3,2,3,8,1701
4,No,Male,4,2,2,Married,No,4,3,3,1,707
1,No,Male,2,1,3,Divorced,No,3,4,1,0,1506
4,No,Male,2,1,2,Married,No,4,4,3,0,643
2,No,Female,2,1,2,Married,Yes,4,2,2,0,214
1,No,Male,4,1,2,Divorced,Yes,3,4,2,0,21
4,No,Female,3,1,2,Married,No,3,3,3,0,1513
3,No,Male,3,1,3,Single,No,3,3,3,0,749
2,No,Male,3,1,1,Married,Yes,3,4,3,7,913
4,Yes,Male,2,1,3,Single,Yes,3,1,3,1,1684
3,No,Female,2,2,1,Married,No,3,1,2,0,1436
3,No,Male,3,2,2,Single,No,3,4,3,0,1727
3,No,Male,3,2,4,Single,No,3,3,3,8,1346
3,No,Male,3,1,1,Divorced,Yes,3,4,4,2,1948
2,No,Male,3,2,4,Married,Yes,3,4,3,0,389
1,Yes,Male,3,1,3,Divorced,No,4,3,2,0,1107
3,No,Male,2,1,4,Married,No,3,1,3,0,309
2,Yes,Female,1,1,1,Single,Yes,4,2,3,6,33
4,No,Male,3,1,2,Single,No,3,1,3,1,585
2,No,Male,2,1,2,Married,No,3,2,3,2,2013
3,Yes,Male,2,1,4,Single,Yes,3,3,2,0,315
4,No,Female,3,1,4,Married,No,3,1,3,2,49
1,Yes,Female,1,5,4,Married,No,3,4,3,6,1038
3,No,Male,3,1,3,Divorced,No,3,3,4,1,1474
4,Yes,Male,4,2,3,Married,No,3,4,3,1,631
4,No,Female,3,2,2,Single,No,3,4,2,1,1756
1,No,Male,3,5,3,Married,No,3,1,2,4,2031
3,No,Male,3,1,3,Single,No,4,3,3,3,958
4,No,Female,3,4,4,Divorced,No,3,2,3,4,1900
3,No,Female,3,1,1,Married,No,3,2,3,0,887
2,No,Male,3,1,4,Single,No,3,2,3,1,1778
3,No,Male,3,2,3,Married,No,3,1,2,0,1631
4,No,Female,2,4,2,Single,No,3,3,3,8,1719
2,No,Male,2,1,4,Married,No,4,2,4,0,1873
1,Yes,Male,2,1,2,Divorced,No,3,1,3,0,1111
3,No,Male,3,1,4,Married,No,4,1,3,2,217
4,No,Male,3,5,2,Single,No,3,1,3,7,1338
4,Yes,Male,3,2,4,Single,Yes,4,1,4,6,1667
4,No,Male,2,4,2,Married,No,3,2,3,2,1138
1,No,Male,3,1,4,Married,No,3,4,3,2,1746
4,No,Male,3,2,4,Divorced,No,3,3,2,1,1228
1,Yes,Female,1,5,2,Single,Yes,3,1,3,1,1277
2,No,Male,3,2,3,Married,Yes,4,4,1,4,205
2,No,Female,2,2,4,Married,No,3,4,2,3,1888
3,No,Male,3,2,4,Divorced,No,4,3,1,4,692
4,No,Male,4,4,1,Single,No,3,2,1,0,1602
4,No,Male,3,2,3,Married,No,3,2,3,0,1728
1,No,Female,3,2,3,Single,No,3,3,3,2,138
3,No,Male,2,1,2,Divorced,No,3,3,3,0,812
2,No,Male,1,1,3,Married,No,3,2,4,0,1826
1,No,Male,2,2,1,Married,No,3,1,3,4,1612
3,No,Male,2,3,1,Married,Yes,3,3,3,2,70
3,No,Male,3,3,2,Married,No,3,1,3,0,204
2,No,Male,4,3,1,Married,No,3,3,3,0,534
2,No,Female,3,2,4,Married,Yes,3,1,3,8,2009
2,No,Female,3,1,4,Single,No,3,1,3,1,286
4,No,Male,3,1,4,Single,No,3,3,4,1,1982
2,No,Male,3,1,1,Single,Yes,3,4,3,1,1586
4,No,Male,2,3,3,Single,No,4,2,3,1,12
1,No,Female,3,4,2,Single,No,3,3,4,1,1430
1,No,Male,3,2,4,Married,No,4,3,3,7,1849
2,Yes,Male,3,1,1,Single,Yes,3,3,2,0,1494
4,No,Male,3,2,2,Married,No,3,2,4,3,606
4,No,Female,4,2,1,Single,Yes,3,3,3,0,347
3,No,Female,2,2,1,Single,No,3,2,3,1,1252
3,No,Male,3,1,4,Married,No,3,3,4,0,1799
3,No,Female,2,1,2,Married,No,4,3,3,2,1234
3,No,Male,3,1,1,Single,No,3,4,2,7,1952
2,No,Male,2,1,4,Divorced,No,3,2,2,0,861
3,No,Male,3,1,4,Divorced,No,3,3,2,0,465
2,No,Male,1,2,4,Married,Yes,3,3,3,1,1766
4,No,Male,2,2,1,Single,No,3,4,3,0,362
2,No,Female,3,2,2,Divorced,No,3,1,3,2,202
2,No,Female,3,2,2,Married,No,3,2,2,4,635
1,No,Male,2,1,4,Married,No,3,4,2,3,888
3,No,Male,2,1,3,Single,No,3,4,3,2,2048
1,No,Male,4,1,2,Married,No,4,2,3,0,1949
2,No,Male,3,1,1,Married,No,3,4,4,0,758
1,Yes,Female,3,3,4,Married,No,3,4,3,0,1295
3,No,Female,3,2,4,Married,No,3,2,3,2,659
4,No,Male,2,1,2,Married,No,3,4,3,0,1865
1,Yes,Male,3,1,1,Single,Yes,3,2,1,0,1649
2,No,Male,2,1,4,Single,No,3,4,3,1,198
2,No,Female,3,2,3,Single,No,3,2,3,4,533
3,No,Male,3,4,3,Married,Yes,3,4,2,2,1334
2,No,Male,3,2,4,Divorced,Yes,3,3,3,0,1943
1,No,Male,3,2,4,Single,No,3,2,3,0,916
3,Yes,Male,1,1,4,Single,Yes,3,2,1,0,622
4,No,Female,3,5,3,Married,No,3,2,3,9,253
3,No,Female,3,1,1,Married,No,3,4,2,1,1617
4,No,Male,1,1,3,Married,No,3,3,4,0,1718
3,Yes,Male,3,2,4,Single,No,3,3,2,7,842
1,No,Female,3,1,3,Single,No,3,3,2,0,194
4,No,Female,3,2,3,Married,No,3,1,3,0,1040
4,Yes,Female,3,2,3,Married,Yes,3,3,2,3,1380
3,No,Female,3,2,3,Divorced,No,3,2,3,0,270
1,No,Male,3,1,4,Married,No,3,2,3,4,1238
1,No,Male,3,5,2,Divorced,No,3,1,2,1,385
4,Yes,Male,2,2,4,Single,Yes,3,2,3,7,401
1,Yes,Male,3,1,4,Married,Yes,3,2,4,2,2027
2,No,Male,3,5,3,Divorced,Yes,3,3,3,1,531
2,Yes,Female,3,1,2,Married,Yes,3,1,3,4,161
1,No,Male,2,1,2,Divorced,No,3,4,3,1,1694
4,No,Male,3,1,3,Divorced,Yes,3,4,4,2,277
3,No,Male,3,1,3,Single,No,3,2,1,1,1164
3,No,Female,2,1,4,Married,No,3,3,2,0,338
1,Yes,Male,3,2,4,Married,Yes,3,3,3,0,1967
3,No,Male,3,1,3,Single,No,3,3,2,1,1947
2,Yes,Female,3,1,4,Single,Yes,3,3,4,0,1624
2,No,Male,2,3,3,Married,No,3,2,3,9,513
1,No,Female,3,3,3,Single,No,3,2,3,0,1816
1,No,Female,3,1,3,Married,Yes,3,3,2,0,1195
4,No,Female,3,2,1,Married,No,3,4,3,0,303
2,No,Male,3,2,2,Married,No,3,4,3,5,889
3,No,Male,2,2,2,Married,No,4,4,3,1,2
4,No,Female,4,4,4,Single,Yes,3,3,3,4,148
3,No,Female,3,2,3,Married,No,3,2,3,1,975
4,No,Female,1,1,4,Divorced,Yes,3,3,3,0,1974
3,No,Male,1,2,2,Single,No,3,1,3,11,1329
4,Yes,Male,3,2,1,Single,No,3,2,1,0,1809
3,Yes,Male,2,2,2,Single,Yes,3,3,2,2,1862
2,No,Male,3,1,3,Married,No,3,4,3,2,591
3,Yes,Male,3,1,2,Married,Yes,3,3,3,0,1604
3,No,Female,2,1,2,Married,No,3,2,2,0,1760
4,Yes,Female,3,1,4,Single,No,3,1,2,0,923
4,No,Female,2,2,2,Married,Yes,3,4,3,0,1886
1,Yes,Male,3,3,3,Married,No,3,1,3,0,1761
2,No,Female,3,2,1,Divorced,No,3,2,3,7,1829
3,Yes,Male,2,2,2,Married,No,3,1,2,7,433
3,No,Female,3,1,4,Married,No,3,2,3,0,900
3,Yes,Male,2,1,1,Single,Yes,4,1,3,1,991
4,No,Male,4,1,1,Married,No,3,2,3,7,1798
4,No,Female,3,1,4,Single,No,3,3,4,0,1368
3,No,Female,2,4,4,Married,No,4,3,3,0,867
2,No,Male,3,1,4,Single,Yes,3,4,3,2,875
3,No,Female,3,1,4,Single,No,3,3,2,1,1751
3,No,Female,4,3,4,Married,Yes,4,1,3,6,2017
4,No,Female,3,2,4,Single,No,3,3,4,0,1757
3,No,Female,3,2,2,Married,No,4,3,3,1,1909
4,No,Female,2,2,4,Divorced,Yes,3,3,3,0,1105
2,Yes,Female,2,1,3,Divorced,Yes,3,3,3,0,896
2,Yes,Female,1,1,3,Single,No,3,2,3,0,1427
4,No,Male,3,2,4,Single,No,3,4,3,2,769
4,No,Female,3,3,1,Married,No,3,2,3,5,950
4,No,Female,3,1,1,Divorced,Yes,3,2,2,4,802
3,No,Male,3,3,2,Married,No,3,2,3,1,1568
3,No,Male,3,1,1,Divorced,No,4,2,3,0,1772
4,No,Male,4,2,1,Divorced,No,4,1,3,0,1664
4,No,Female,2,3,2,Single,No,3,2,4,7,717
4,No,Male,3,1,3,Married,No,3,1,3,0,1492
1,Yes,Female,1,1,2,Single,Yes,3,4,3,3,741
2,No,Female,4,4,2,Divorced,No,3,3,3,1,1676
2,Yes,Male,1,2,1,Single,No,3,4,3,2,1037
4,No,Female,2,2,4,Married,Yes,3,3,2,0,1915
1,No,Male,4,2,4,Divorced,No,4,4,4,5,653
1,No,Female,3,3,3,Married,No,3,1,1,0,126
1,No,Male,3,1,4,Married,No,3,3,2,1,1438
3,No,Female,3,2,4,Single,No,4,2,2,1,781
3,No,Male,2,5,1,Married,No,3,2,3,0,1770
1,No,Male,3,1,4,Married,No,3,2,3,0,1030
2,No,Male,3,1,3,Married,No,3,4,3,1,1207
1,No,Female,4,1,4,Married,No,3,4,3,7,1246
3,No,Male,3,2,1,Divorced,No,3,1,3,2,1466
4,No,Male,4,1,2,Divorced,Yes,3,1,2,2,284
1,No,Male,3,5,1,Married,No,3,3,2,1,522
1,No,Male,3,2,4,Single,No,3,3,2,0,1103
3,No,Male,3,2,1,Married,Yes,3,4,3,1,1218
2,No,Female,2,2,4,Single,Yes,3,2,3,1,527
2,No,Male,3,5,3,Married,Yes,3,4,2,7,1061
2,No,Female,2,1,3,Married,Yes,3,3,2,1,1893
4,No,Male,1,3,3,Married,No,3,3,1,0,1739
2,No,Male,4,1,3,Married,Yes,3,1,2,0,1448
2,No,Male,2,1,2,Married,No,3,4,3,1,893
2,No,Female,3,2,2,Married,Yes,4,1,3,7,846
3,No,Female,3,2,1,Divorced,No,3,4,3,1,1349
3,Yes,Male,2,1,2,Divorced,Yes,4,4,1,0,1010
3,Yes,Male,2,1,2,Married,Yes,3,3,3,0,952
4,No,Male,3,4,3,Single,No,3,3,2,1,131
1,No,Male,4,4,4,Single,No,4,3,2,2,1116
4,No,Male,2,3,3,Married,Yes,3,3,3,0,543
4,No,Female,3,2,1,Single,No,4,4,4,8,682
3,No,Female,2,2,1,Married,No,4,1,3,1,1509
1,Yes,Male,3,1,3,Married,No,3,4,4,1,1486
4,No,Male,2,1,4,Married,Yes,3,2,3,2,1296
1,Yes,Male,3,1,3,Married,Yes,3,3,4,2,1081
3,No,Male,2,2,1,Married,No,3,3,3,2,274
3,No,Female,3,1,3,Married,No,4,4,3,5,177
1,No,Female,3,2,3,Married,No,3,3,2,0,1481
3,No,Male,3,1,4,Divorced,No,3,3,3,0,53
2,No,Male,3,1,1,Married,No,3,2,4,1,1434
3,No,Female,2,1,4,Single,No,3,2,2,2,316
1,Yes,Male,4,2,4,Single,Yes,3,2,2,0,502
1,Yes,Male,3,1,2,Divorced,Yes,3,4,3,0,394
1,No,Female,3,1,4,Divorced,No,4,2,1,0,560
2,No,Female,2,2,3,Married,No,4,2,3,0,521
3,No,Female,3,4,4,Married,Yes,3,3,2,3,820
4,Yes,Male,2,3,1,Married,No,3,3,3,6,1639
3,No,Male,1,4,4,Single,Yes,3,4,3,13,1539
4,No,Male,2,3,2,Married,No,3,1,3,4,899
3,No,Male,3,1,4,Single,No,3,3,3,2,1623
2,No,Male,3,1,2,Married,No,3,3,2,1,1931
2,No,Male,4,2,2,Married,No,3,4,3,2,712
3,No,Female,3,3,3,Divorced,No,3,2,3,12,83
3,Yes,Male,2,1,3,Single,Yes,3,2,3,0,19
1,No,Male,3,1,2,Single,No,3,3,3,1,1659
3,No,Male,3,1,3,Divorced,No,4,1,4,1,1499
4,No,Female,2,4,1,Married,No,3,1,1,0,664
3,No,Female,3,4,4,Single,Yes,3,3,3,1,505
3,No,Male,4,5,2,Single,No,3,4,3,2,254
3,No,Female,3,1,3,Married,Yes,3,4,3,0,1055
3,Yes,Female,2,2,1,Single,No,3,3,2,0,299
4,Yes,Male,3,3,1,Single,Yes,4,1,3,4,1100
2,No,Female,3,4,4,Divorced,No,4,1,3,1,1520
4,No,Male,4,2,1,Married,No,3,1,4,0,1231
2,No,Male,2,1,4,Single,No,3,3,3,2,455
4,No,Female,3,2,4,Single,Yes,3,3,3,0,1003
3,No,Female,3,4,2,Married,No,3,4,4,4,404
1,Yes,Female,2,1,2,Single,No,3,3,4,0,1433
1,No,Female,3,3,3,Married,No,3,4,3,2,1786
1,No,Female,4,4,3,Divorced,No,3,3,3,0,612
4,No,Male,2,3,1,Married,No,3,1,3,1,2062
4,No,Female,2,1,2,Single,Yes,3,3,4,2,1131
4,No,Male,3,1,4,Married,No,3,3,3,10,373
1,No,Female,2,2,3,Single,Yes,3,1,1,1,1402
4,No,Male,3,2,4,Divorced,Yes,3,1,3,1,275
4,No,Male,3,1,2,Divorced,No,3,4,1,2,218
3,No,Female,3,3,3,Divorced,Yes,3,3,2,10,1014
3,No,Female,4,4,1,Married,No,3,4,2,7,532
3,No,Male,3,3,3,Divorced,No,3,1,4,7,982
4,No,Male,2,5,4,Single,No,4,4,3,0,1595
1,No,Male,4,1,3,Single,No,3,4,3,0,784
1,Yes,Male,2,1,1,Married,No,3,1,3,2,1439
4,No,Female,3,2,3,Married,Yes,3,3,3,0,1445
3,No,Male,4,1,3,Married,No,3,1,2,0,1558
2,Yes,Female,3,3,4,Married,No,4,4,2,1,283
2,Yes,Male,3,1,4,Married,Yes,3,1,2,2,45
3,No,Male,2,3,4,Divorced,No,3,3,3,0,1076
2,No,Male,1,2,4,Single,No,3,2,3,11,691
4,No,Female,2,2,3,Married,No,4,4,3,1,2035
3,Yes,Male,2,1,4,Divorced,No,3,1,2,0,1960
3,No,Male,3,2,4,Single,Yes,4,4,1,1,120
2,No,Male,3,2,3,Single,No,3,2,2,0,1924
3,No,Female,2,2,4,Single,No,3,4,3,0,1254
2,No,Male,1,2,3,Single,No,3,1,3,3,783
4,Yes,Female,3,2,3,Single,Yes,3,4,3,2,1933
4,Yes,Female,3,1,4,Single,Yes,3,2,3,0,1077
3,No,Male,3,2,4,Married,No,3,1,3,2,333
2,No,Male,3,1,4,Divorced,No,3,3,3,1,18
3,No,Female,3,1,4,Single,No,3,1,3,1,430
3,No,Female,2,2,3,Married,No,3,3,3,6,830
4,No,Female,3,2,2,Divorced,No,3,3,3,1,516
4,Yes,Female,3,1,2,Married,Yes,3,3,3,1,1818
1,No,Male,3,1,3,Divorced,No,3,1,3,1,227
4,No,Male,2,1,3,Married,No,3,2,3,1,1172
1,No,Female,4,2,3,Divorced,No,3,4,2,1,26
1,No,Male,3,4,4,Married,No,3,3,3,2,897
4,No,Female,3,5,3,Married,No,3,3,3,1,1625
3,Yes,Male,3,1,3,Married,No,3,3,2,2,1160
4,No,Male,3,2,3,Divorced,Yes,3,3,3,0,1774
4,Yes,Male,3,1,4,Single,Yes,3,3,2,7,780
3,No,Female,3,3,4,Married,No,3,3,3,5,2016
4,No,Male,3,1,1,Single,Yes,3,3,3,2,957
3,No,Male,3,1,3,Divorced,No,3,2,3,0,1340
4,No,Female,3,4,2,Single,No,3,3,3,1,258
1,Yes,Male,4,4,3,Single,Yes,3,3,2,3,1372
4,No,Male,3,4,4,Married,No,3,2,2,7,976
3,No,Male,3,3,2,Married,No,3,3,4,7,698
1,No,Male,3,2,3,Single,No,3,2,3,1,1533
2,No,Male,4,1,4,Married,Yes,3,2,3,1,639
1,No,Male,2,1,3,Single,No,3,1,2,1,1198
2,No,Male,3,2,4,Single,Yes,3,3,3,0,1036
3,No,Male,3,1,4,Single,No,3,1,3,1,346
3,Yes,Male,2,1,1,Single,No,4,2,3,0,27
2,No,Female,3,1,2,Married,No,3,4,3,0,1875
1,No,Female,2,2,3,Single,Yes,3,1,3,0,616
2,No,Female,3,4,3,Married,No,4,3,3,4,1665
2,No,Female,4,3,2,Divorced,No,3,2,2,6,381
4,No,Female,1,5,3,Married,No,3,4,3,9,1336
1,No,Male,2,1,4,Single,Yes,3,3,4,1,1704
3,Yes,Male,3,1,4,Single,Yes,4,3,3,0,514
2,No,Female,2,2,3,Married,No,3,4,3,4,1117
4,No,Male,3,5,4,Single,No,3,3,2,1,2022
4,No,Female,2,2,2,Divorced,Yes,3,1,3,1,463
1,No,Female,2,1,3,Divorced,No,3,3,3,1,1068
4,Yes,Male,2,1,4,Single,Yes,4,2,2,1,1868
2,No,Female,4,1,3,Single,No,3,4,3,1,171
4,Yes,Female,3,1,2,Married,No,3,1,1,0,1219
1,No,Female,3,2,3,Single,Yes,3,3,3,0,1587
1,Yes,Male,3,3,1,Single,Yes,3,2,2,2,1968
4,No,Male,3,1,4,Married,No,4,2,3,0,116
3,No,Female,2,2,3,Divorced,No,3,2,4,0,448
3,No,Female,3,1,2,Single,No,3,3,1,1,1735
2,No,Female,3,4,1,Married,No,3,2,3,11,625
3,No,Male,3,2,2,Married,No,3,1,4,0,160
1,No,Male,3,2,3,Married,No,3,2,2,1,1473
2,No,Male,3,2,3,Married,Yes,3,2,3,5,1549
2,No,Male,4,2,3,Married,No,3,4,2,6,1596
2,No,Male,4,2,2,Single,No,3,1,1,1,1814
3,Yes,Male,2,1,4,Married,Yes,3,2,3,0,1203
4,No,Male,2,2,2,Married,Yes,3,1,3,0,2053
3,No,Male,3,5,3,Married,Yes,3,3,3,0,1591
